datetime,smp
2012-07-01 0:00,57.12
2012-07-01 1:00,55.93
2012-07-01 2:00,55.29
2012-07-01 3:00,53.63
2012-07-01 4:00,53.46
2012-07-01 5:00,53.81
2012-07-01 6:00,66.54
2012-07-01 7:00,67.04
2012-07-01 8:00,79.99
2012-07-01 9:00,79.85
2012-07-01 10:00,79.65
2012-07-01 11:00,79.51
2012-07-01 12:00,78.29
2012-07-01 13:00,81.7
2012-07-01 14:00,81.6
2012-07-01 15:00,81.46
2012-07-01 16:00,81.46
2012-07-01 17:00,80.73
2012-07-01 18:00,79.53
2012-07-01 19:00,79.09
2012-07-01 20:00,78.9
2012-07-01 21:00,76.63
2012-07-01 22:00,71.34
2012-07-01 23:00,60.82
2012-07-02 0:00,57.47
2012-07-02 1:00,55.94
2012-07-02 2:00,53.72
2012-07-02 3:00,53.36
2012-07-02 4:00,53.36
2012-07-02 5:00,53.54
2012-07-02 6:00,66.46
2012-07-02 7:00,68.12
2012-07-02 8:00,79.51
2012-07-02 9:00,80.38
2012-07-02 10:00,80.36
2012-07-02 11:00,80.35
2012-07-02 12:00,78.6
2012-07-02 13:00,80.34
2012-07-02 14:00,81.56
2012-07-02 15:00,81.51
2012-07-02 16:00,81.61
2012-07-02 17:00,81.7
2012-07-02 18:00,79.78
2012-07-02 19:00,79.48
2012-07-02 20:00,79.75
2012-07-02 21:00,76.74
2012-07-02 22:00,68.72
2012-07-02 23:00,68.35
2012-07-03 0:00,56.37
2012-07-03 1:00,55.14
2012-07-03 2:00,53.58
2012-07-03 3:00,52.96
2012-07-03 4:00,52.35
2012-07-03 5:00,53.47
2012-07-03 6:00,55.76
2012-07-03 7:00,66.91
2012-07-03 8:00,79.75
2012-07-03 9:00,82.02
2012-07-03 10:00,82.02
2012-07-03 11:00,81.98
2012-07-03 12:00,78.9
2012-07-03 13:00,81.27
2012-07-03 14:00,82.43
2012-07-03 15:00,82.43
2012-07-03 16:00,82.43
2012-07-03 17:00,82.43
2012-07-03 18:00,80.69
2012-07-03 19:00,80.78
2012-07-03 20:00,79.25
2012-07-03 21:00,79.01
2012-07-03 22:00,72.35
2012-07-03 23:00,68.35
2012-07-04 0:00,56.93
2012-07-04 1:00,56.19
2012-07-04 2:00,55.27
2012-07-04 3:00,54.96
2012-07-04 4:00,53.81
2012-07-04 5:00,53.18
2012-07-04 6:00,54.96
2012-07-04 7:00,55.27
2012-07-04 8:00,56.8
2012-07-04 9:00,56.8
2012-07-04 10:00,58.68
2012-07-04 11:00,59.62
2012-07-04 12:00,56.93
2012-07-04 13:00,58.68
2012-07-04 14:00,62.7
2012-07-04 15:00,65.06
2012-07-04 16:00,65.06
2012-07-04 17:00,67.27
2012-07-04 18:00,71.39
2012-07-04 19:00,68.33
2012-07-04 20:00,68.33
2012-07-04 21:00,71.02
2012-07-04 22:00,62.7
2012-07-04 23:00,58.11
2012-07-05 0:00,57.23
2012-07-05 1:00,55.33
2012-07-05 2:00,54.65
2012-07-05 3:00,54.44
2012-07-05 4:00,54.26
2012-07-05 5:00,54.26
2012-07-05 6:00,54.44
2012-07-05 7:00,54.44
2012-07-05 8:00,54.44
2012-07-05 9:00,54.62
2012-07-05 10:00,55.9
2012-07-05 11:00,57.15
2012-07-05 12:00,57.23
2012-07-05 13:00,60.22
2012-07-05 14:00,60.22
2012-07-05 15:00,61.96
2012-07-05 16:00,64.23
2012-07-05 17:00,65.45
2012-07-05 18:00,65.45
2012-07-05 19:00,65.45
2012-07-05 20:00,65.45
2012-07-05 21:00,65.45
2012-07-05 22:00,65.45
2012-07-05 23:00,63.15
2012-07-06 0:00,53.88
2012-07-06 1:00,52.12
2012-07-06 2:00,51.52
2012-07-06 3:00,51.52
2012-07-06 4:00,51.52
2012-07-06 5:00,52.04
2012-07-06 6:00,54.06
2012-07-06 7:00,57.25
2012-07-06 8:00,76.5
2012-07-06 9:00,79.02
2012-07-06 10:00,79.11
2012-07-06 11:00,79.1
2012-07-06 12:00,79
2012-07-06 13:00,82.11
2012-07-06 14:00,82.01
2012-07-06 15:00,82.06
2012-07-06 16:00,82.15
2012-07-06 17:00,81.42
2012-07-06 18:00,80.16
2012-07-06 19:00,79.11
2012-07-06 20:00,79.1
2012-07-06 21:00,76.43
2012-07-06 22:00,70.91
2012-07-06 23:00,60.96
2012-07-07 0:00,57.02
2012-07-07 1:00,55.8
2012-07-07 2:00,53.82
2012-07-07 3:00,53.47
2012-07-07 4:00,53.47
2012-07-07 5:00,53.82
2012-07-07 6:00,56.41
2012-07-07 7:00,66.28
2012-07-07 8:00,79.53
2012-07-07 9:00,79.52
2012-07-07 10:00,79.51
2012-07-07 11:00,79.47
2012-07-07 12:00,78.58
2012-07-07 13:00,81.36
2012-07-07 14:00,81.96
2012-07-07 15:00,81.96
2012-07-07 16:00,81.96
2012-07-07 17:00,81.97
2012-07-07 18:00,79.89
2012-07-07 19:00,79.03
2012-07-07 20:00,79.03
2012-07-07 21:00,76.79
2012-07-07 22:00,70.8
2012-07-07 23:00,62.9
2012-07-08 0:00,56.82
2012-07-08 1:00,55.6
2012-07-08 2:00,53.85
2012-07-08 3:00,53.49
2012-07-08 4:00,53.38
2012-07-08 5:00,53.67
2012-07-08 6:00,56.52
2012-07-08 7:00,66.21
2012-07-08 8:00,79.63
2012-07-08 9:00,80.28
2012-07-08 10:00,80.27
2012-07-08 11:00,80.27
2012-07-08 12:00,79.07
2012-07-08 13:00,82.55
2012-07-08 14:00,82.38
2012-07-08 15:00,82.55
2012-07-08 16:00,82.56
2012-07-08 17:00,82
2012-07-08 18:00,80.71
2012-07-08 19:00,80.9
2012-07-08 20:00,79.3
2012-07-08 21:00,79.04
2012-07-08 22:00,72.03
2012-07-08 23:00,66.21
2012-07-09 0:00,60.3
2012-07-09 1:00,56.05
2012-07-09 2:00,55.13
2012-07-09 3:00,54.82
2012-07-09 4:00,54.77
2012-07-09 5:00,55.13
2012-07-09 6:00,67.63
2012-07-09 7:00,68.09
2012-07-09 8:00,79.64
2012-07-09 9:00,79.73
2012-07-09 10:00,79.52
2012-07-09 11:00,79.5
2012-07-09 12:00,79.04
2012-07-09 13:00,81.55
2012-07-09 14:00,81.52
2012-07-09 15:00,81.55
2012-07-09 16:00,81.56
2012-07-09 17:00,81.65
2012-07-09 18:00,81.18
2012-07-09 19:00,79.46
2012-07-09 20:00,79.42
2012-07-09 21:00,76.91
2012-07-09 22:00,68.03
2012-07-09 23:00,61.43
2012-07-10 0:00,56.81
2012-07-10 1:00,55.58
2012-07-10 2:00,54.95
2012-07-10 3:00,53.47
2012-07-10 4:00,53.47
2012-07-10 5:00,53.82
2012-07-10 6:00,56.5
2012-07-10 7:00,67.17
2012-07-10 8:00,79.63
2012-07-10 9:00,79.6
2012-07-10 10:00,79.59
2012-07-10 11:00,79.56
2012-07-10 12:00,79.07
2012-07-10 13:00,81.94
2012-07-10 14:00,82.32
2012-07-10 15:00,82.32
2012-07-10 16:00,82.53
2012-07-10 17:00,82.53
2012-07-10 18:00,82.76
2012-07-10 19:00,80.65
2012-07-10 20:00,79.35
2012-07-10 21:00,77.65
2012-07-10 22:00,69.19
2012-07-10 23:00,67.68
2012-07-11 0:00,58.31
2012-07-11 1:00,56.57
2012-07-11 2:00,55.65
2012-07-11 3:00,55.04
2012-07-11 4:00,54.73
2012-07-11 5:00,54.73
2012-07-11 6:00,55.04
2012-07-11 7:00,55.65
2012-07-11 8:00,56.57
2012-07-11 9:00,57.89
2012-07-11 10:00,61.3
2012-07-11 11:00,61.3
2012-07-11 12:00,57.96
2012-07-11 13:00,62.79
2012-07-11 14:00,62.79
2012-07-11 15:00,64.54
2012-07-11 16:00,64.52
2012-07-11 17:00,67.75
2012-07-11 18:00,67.75
2012-07-11 19:00,76.66
2012-07-11 20:00,89.05
2012-07-11 21:00,67.75
2012-07-11 22:00,62.79
2012-07-11 23:00,58.31
2012-07-12 0:00,57.01
2012-07-12 1:00,56.37
2012-07-12 2:00,54.76
2012-07-12 3:00,54.41
2012-07-12 4:00,54.23
2012-07-12 5:00,54.23
2012-07-12 6:00,54.41
2012-07-12 7:00,54.41
2012-07-12 8:00,54.41
2012-07-12 9:00,54.76
2012-07-12 10:00,57
2012-07-12 11:00,57.01
2012-07-12 12:00,62.87
2012-07-12 13:00,62.35
2012-07-12 14:00,62.38
2012-07-12 15:00,62.87
2012-07-12 16:00,65.55
2012-07-12 17:00,67.07
2012-07-12 18:00,66.64
2012-07-12 19:00,69.98
2012-07-12 20:00,89.16
2012-07-12 21:00,69.98
2012-07-12 22:00,65.74
2012-07-12 23:00,62.38
2012-07-13 0:00,53.88
2012-07-13 1:00,52.09
2012-07-13 2:00,51.52
2012-07-13 3:00,51.52
2012-07-13 4:00,51.52
2012-07-13 5:00,51.57
2012-07-13 6:00,54.06
2012-07-13 7:00,57.27
2012-07-13 8:00,72.37
2012-07-13 9:00,79
2012-07-13 10:00,79.12
2012-07-13 11:00,79.12
2012-07-13 12:00,76.59
2012-07-13 13:00,81.38
2012-07-13 14:00,82.56
2012-07-13 15:00,82.56
2012-07-13 16:00,82.56
2012-07-13 17:00,82.56
2012-07-13 18:00,82.29
2012-07-13 19:00,79.51
2012-07-13 20:00,79
2012-07-13 21:00,76.59
2012-07-13 22:00,71.01
2012-07-13 23:00,61.01
2012-07-14 0:00,56.76
2012-07-14 1:00,55.84
2012-07-14 2:00,55.23
2012-07-14 3:00,54.74
2012-07-14 4:00,53.73
2012-07-14 5:00,54.92
2012-07-14 6:00,66.72
2012-07-14 7:00,58.23
2012-07-14 8:00,77.34
2012-07-14 9:00,77.82
2012-07-14 10:00,77.82
2012-07-14 11:00,77.77
2012-07-14 12:00,76.33
2012-07-14 13:00,79.76
2012-07-14 14:00,79.76
2012-07-14 15:00,79.76
2012-07-14 16:00,79.76
2012-07-14 17:00,79.76
2012-07-14 18:00,79.25
2012-07-14 19:00,79.34
2012-07-14 20:00,77.76
2012-07-14 21:00,72.38
2012-07-14 22:00,62.84
2012-07-14 23:00,59.71
2012-07-15 0:00,56.63
2012-07-15 1:00,56.01
2012-07-15 2:00,55.09
2012-07-15 3:00,54.79
2012-07-15 4:00,54.79
2012-07-15 5:00,55.09
2012-07-15 6:00,66.53
2012-07-15 7:00,67.52
2012-07-15 8:00,76.42
2012-07-15 9:00,77.38
2012-07-15 10:00,77.93
2012-07-15 11:00,77.91
2012-07-15 12:00,76.64
2012-07-15 13:00,79.91
2012-07-15 14:00,79.91
2012-07-15 15:00,79.91
2012-07-15 16:00,79.91
2012-07-15 17:00,79.91
2012-07-15 18:00,79.7
2012-07-15 19:00,79.73
2012-07-15 20:00,77.74
2012-07-15 21:00,72.58
2012-07-15 22:00,68.65
2012-07-15 23:00,60.98
2012-07-16 0:00,56.61
2012-07-16 1:00,55.99
2012-07-16 2:00,55.38
2012-07-16 3:00,54.77
2012-07-16 4:00,54.77
2012-07-16 5:00,66.54
2012-07-16 6:00,56.61
2012-07-16 7:00,68.52
2012-07-16 8:00,77.75
2012-07-16 9:00,77.72
2012-07-16 10:00,77.7
2012-07-16 11:00,77.67
2012-07-16 12:00,76.72
2012-07-16 13:00,79.66
2012-07-16 14:00,79.81
2012-07-16 15:00,79.8
2012-07-16 16:00,79.81
2012-07-16 17:00,79.81
2012-07-16 18:00,79.66
2012-07-16 19:00,79.57
2012-07-16 20:00,77.75
2012-07-16 21:00,76.15
2012-07-16 22:00,70.21
2012-07-16 23:00,62.79
2012-07-17 0:00,56.72
2012-07-17 1:00,55.8
2012-07-17 2:00,55.18
2012-07-17 3:00,53.71
2012-07-17 4:00,53.71
2012-07-17 5:00,54.96
2012-07-17 6:00,66.66
2012-07-17 7:00,67.08
2012-07-17 8:00,79.45
2012-07-17 9:00,79.45
2012-07-17 10:00,79.45
2012-07-17 11:00,79.44
2012-07-17 12:00,76.01
2012-07-17 13:00,79.93
2012-07-17 14:00,81.3
2012-07-17 15:00,81.29
2012-07-17 16:00,81.3
2012-07-17 17:00,81.3
2012-07-17 18:00,79.99
2012-07-17 19:00,79.44
2012-07-17 20:00,79.57
2012-07-17 21:00,76.9
2012-07-17 22:00,71.01
2012-07-17 23:00,68.09
2012-07-18 0:00,59.71
2012-07-18 1:00,56.3
2012-07-18 2:00,56.24
2012-07-18 3:00,55.63
2012-07-18 4:00,55.26
2012-07-18 5:00,55.02
2012-07-18 6:00,55.33
2012-07-18 7:00,56.24
2012-07-18 8:00,57.69
2012-07-18 9:00,57.83
2012-07-18 10:00,63.58
2012-07-18 11:00,63.58
2012-07-18 12:00,63.51
2012-07-18 13:00,70.99
2012-07-18 14:00,70.99
2012-07-18 15:00,70.99
2012-07-18 16:00,74.5
2012-07-18 17:00,70.99
2012-07-18 18:00,74.51
2012-07-18 19:00,74.49
2012-07-18 20:00,74.49
2012-07-18 21:00,70.99
2012-07-18 22:00,70.99
2012-07-18 23:00,58.22
2012-07-19 0:00,56.89
2012-07-19 1:00,56.14
2012-07-19 2:00,55.22
2012-07-19 3:00,54.92
2012-07-19 4:00,54.92
2012-07-19 5:00,54.92
2012-07-19 6:00,55.22
2012-07-19 7:00,55.53
2012-07-19 8:00,55.83
2012-07-19 9:00,56.75
2012-07-19 10:00,58.36
2012-07-19 11:00,60.32
2012-07-19 12:00,61.07
2012-07-19 13:00,62.33
2012-07-19 14:00,62.64
2012-07-19 15:00,64.26
2012-07-19 16:00,64.26
2012-07-19 17:00,67.93
2012-07-19 18:00,67.93
2012-07-19 19:00,67.93
2012-07-19 20:00,73.12
2012-07-19 21:00,67.93
2012-07-19 22:00,67.67
2012-07-19 23:00,60.32
2012-07-20 0:00,55.46
2012-07-20 1:00,53.55
2012-07-20 2:00,52.22
2012-07-20 3:00,52.22
2012-07-20 4:00,52.22
2012-07-20 5:00,52.87
2012-07-20 6:00,56.07
2012-07-20 7:00,66.57
2012-07-20 8:00,80.41
2012-07-20 9:00,82.13
2012-07-20 10:00,82.13
2012-07-20 11:00,82.13
2012-07-20 12:00,81.17
2012-07-20 13:00,82.43
2012-07-20 14:00,82.81
2012-07-20 15:00,82.81
2012-07-20 16:00,82.81
2012-07-20 17:00,82.81
2012-07-20 18:00,82.01
2012-07-20 19:00,80.96
2012-07-20 20:00,80.23
2012-07-20 21:00,78.9
2012-07-20 22:00,76.65
2012-07-20 23:00,76.34
2012-07-21 0:00,61.13
2012-07-21 1:00,56.46
2012-07-21 2:00,55.54
2012-07-21 3:00,54.93
2012-07-21 4:00,54.93
2012-07-21 5:00,55.54
2012-07-21 6:00,60.14
2012-07-21 7:00,68.05
2012-07-21 8:00,79.46
2012-07-21 9:00,80.04
2012-07-21 10:00,80.04
2012-07-21 11:00,80.03
2012-07-21 12:00,78.65
2012-07-21 13:00,80.82
2012-07-21 14:00,82.39
2012-07-21 15:00,82.37
2012-07-21 16:00,82.39
2012-07-21 17:00,82.4
2012-07-21 18:00,82.34
2012-07-21 19:00,82.4
2012-07-21 20:00,80.04
2012-07-21 21:00,79.01
2012-07-21 22:00,76.78
2012-07-21 23:00,72.42
2012-07-22 0:00,63.98
2012-07-22 1:00,56.34
2012-07-22 2:00,55.73
2012-07-22 3:00,55.42
2012-07-22 4:00,55.42
2012-07-22 5:00,55.73
2012-07-22 6:00,60.01
2012-07-22 7:00,68.83
2012-07-22 8:00,79.14
2012-07-22 9:00,80
2012-07-22 10:00,81.81
2012-07-22 11:00,81.8
2012-07-22 12:00,79.72
2012-07-22 13:00,81.8
2012-07-22 14:00,83.71
2012-07-22 15:00,83.9
2012-07-22 16:00,83.97
2012-07-22 17:00,82.71
2012-07-22 18:00,82.35
2012-07-22 19:00,81.77
2012-07-22 20:00,81.83
2012-07-22 21:00,79.21
2012-07-22 22:00,77.52
2012-07-22 23:00,76.35
2012-07-23 0:00,65.75
2012-07-23 1:00,59.8
2012-07-23 2:00,56.17
2012-07-23 3:00,56.17
2012-07-23 4:00,55.87
2012-07-23 5:00,65.73
2012-07-23 6:00,61.78
2012-07-23 7:00,72.24
2012-07-23 8:00,78.83
2012-07-23 9:00,80.13
2012-07-23 10:00,80.13
2012-07-23 11:00,80.13
2012-07-23 12:00,80.13
2012-07-23 13:00,80.87
2012-07-23 14:00,82.33
2012-07-23 15:00,82.33
2012-07-23 16:00,82.33
2012-07-23 17:00,82.33
2012-07-23 18:00,82.27
2012-07-23 19:00,81.97
2012-07-23 20:00,81.97
2012-07-23 21:00,79.85
2012-07-23 22:00,78.91
2012-07-23 23:00,77.48
2012-07-24 0:00,69.26
2012-07-24 1:00,68.11
2012-07-24 2:00,60.07
2012-07-24 3:00,60.07
2012-07-24 4:00,59.08
2012-07-24 5:00,60.07
2012-07-24 6:00,67.39
2012-07-24 7:00,76.58
2012-07-24 8:00,79.61
2012-07-24 9:00,80.43
2012-07-24 10:00,80.43
2012-07-24 11:00,80.31
2012-07-24 12:00,80.31
2012-07-24 13:00,81.64
2012-07-24 14:00,81.64
2012-07-24 15:00,81.64
2012-07-24 16:00,81.65
2012-07-24 17:00,81.66
2012-07-24 18:00,81.21
2012-07-24 19:00,81.21
2012-07-24 20:00,80.65
2012-07-24 21:00,78.84
2012-07-24 22:00,78.34
2012-07-24 23:00,76
2012-07-25 0:00,67.17
2012-07-25 1:00,57.68
2012-07-25 2:00,56.05
2012-07-25 3:00,56.05
2012-07-25 4:00,55.74
2012-07-25 5:00,55.74
2012-07-25 6:00,56.05
2012-07-25 7:00,56.05
2012-07-25 8:00,57.97
2012-07-25 9:00,66
2012-07-25 10:00,68.74
2012-07-25 11:00,68.74
2012-07-25 12:00,70.99
2012-07-25 13:00,70.99
2012-07-25 14:00,75.06
2012-07-25 15:00,75.06
2012-07-25 16:00,75.37
2012-07-25 17:00,75.37
2012-07-25 18:00,79.31
2012-07-25 19:00,79.33
2012-07-25 20:00,79.36
2012-07-25 21:00,79.4
2012-07-25 22:00,73.9
2012-07-25 23:00,61.77
2012-07-26 0:00,58.22
2012-07-26 1:00,56.33
2012-07-26 2:00,55.72
2012-07-26 3:00,55.11
2012-07-26 4:00,55.11
2012-07-26 5:00,55.11
2012-07-26 6:00,55.42
2012-07-26 7:00,55.72
2012-07-26 8:00,56.33
2012-07-26 9:00,56.33
2012-07-26 10:00,58.22
2012-07-26 11:00,58.22
2012-07-26 12:00,60.64
2012-07-26 13:00,61.55
2012-07-26 14:00,62.64
2012-07-26 15:00,63.36
2012-07-26 16:00,65
2012-07-26 17:00,67.93
2012-07-26 18:00,67.93
2012-07-26 19:00,68.34
2012-07-26 20:00,88.33
2012-07-26 21:00,67.93
2012-07-26 22:00,65
2012-07-26 23:00,61.55
2012-07-27 0:00,56.01
2012-07-27 1:00,53.94
2012-07-27 2:00,53.58
2012-07-27 3:00,53.41
2012-07-27 4:00,53.41
2012-07-27 5:00,66.48
2012-07-27 6:00,56.62
2012-07-27 7:00,68.35
2012-07-27 8:00,81.87
2012-07-27 9:00,81.87
2012-07-27 10:00,81.87
2012-07-27 11:00,81.87
2012-07-27 12:00,80.22
2012-07-27 13:00,81.73
2012-07-27 14:00,82.49
2012-07-27 15:00,82.49
2012-07-27 16:00,82.49
2012-07-27 17:00,82.49
2012-07-27 18:00,80.21
2012-07-27 19:00,80.06
2012-07-27 20:00,78.98
2012-07-27 21:00,77.58
2012-07-27 22:00,75.14
2012-07-27 23:00,70.84
2012-07-28 0:00,62.99
2012-07-28 1:00,56.41
2012-07-28 2:00,55.8
2012-07-28 3:00,55.19
2012-07-28 4:00,55.19
2012-07-28 5:00,66.31
2012-07-28 6:00,61.01
2012-07-28 7:00,72.38
2012-07-28 8:00,80.23
2012-07-28 9:00,82.09
2012-07-28 10:00,82.09
2012-07-28 11:00,82.09
2012-07-28 12:00,80.93
2012-07-28 13:00,82.09
2012-07-28 14:00,82.09
2012-07-28 15:00,82.08
2012-07-28 16:00,82.08
2012-07-28 17:00,82.01
2012-07-28 18:00,80.76
2012-07-28 19:00,79.98
2012-07-28 20:00,78.97
2012-07-28 21:00,78.85
2012-07-28 22:00,72.37
2012-07-28 23:00,72.33
2012-07-29 0:00,66.95
2012-07-29 1:00,56.39
2012-07-29 2:00,55.78
2012-07-29 3:00,55.17
2012-07-29 4:00,55.17
2012-07-29 5:00,66.16
2012-07-29 6:00,60.87
2012-07-29 7:00,76.5
2012-07-29 8:00,82.1
2012-07-29 9:00,81.99
2012-07-29 10:00,81.93
2012-07-29 11:00,81.81
2012-07-29 12:00,81.12
2012-07-29 13:00,82.08
2012-07-29 14:00,81.85
2012-07-29 15:00,81.85
2012-07-29 16:00,81.85
2012-07-29 17:00,81.85
2012-07-29 18:00,80.28
2012-07-29 19:00,79.97
2012-07-29 20:00,79.79
2012-07-29 21:00,78.91
2012-07-29 22:00,76.08
2012-07-29 23:00,72.21
2012-07-30 0:00,62.04
2012-07-30 1:00,56.35
2012-07-30 2:00,55.74
2012-07-30 3:00,55.43
2012-07-30 4:00,55.43
2012-07-30 5:00,66.31
2012-07-30 6:00,61.05
2012-07-30 7:00,72.08
2012-07-30 8:00,80.21
2012-07-30 9:00,81.41
2012-07-30 10:00,81.41
2012-07-30 11:00,81.17
2012-07-30 12:00,80.96
2012-07-30 13:00,82.45
2012-07-30 14:00,82.45
2012-07-30 15:00,82.44
2012-07-30 16:00,82.45
2012-07-30 17:00,81.83
2012-07-30 18:00,81.83
2012-07-30 19:00,80.88
2012-07-30 20:00,80.6
2012-07-30 21:00,78.78
2012-07-30 22:00,76.66
2012-07-30 23:00,72.4
2012-07-31 0:00,61.13
2012-07-31 1:00,56.17
2012-07-31 2:00,55.55
2012-07-31 3:00,55.25
2012-07-31 4:00,55.25
2012-07-31 5:00,55.25
2012-07-31 6:00,60.14
2012-07-31 7:00,75.31
2012-07-31 8:00,80.43
2012-07-31 9:00,81.74
2012-07-31 10:00,82.3
2012-07-31 11:00,82.29
2012-07-31 12:00,81.12
2012-07-31 13:00,82.29
2012-07-31 14:00,82.84
2012-07-31 15:00,82.84
2012-07-31 16:00,82.84
2012-07-31 17:00,82.85
2012-07-31 18:00,81.14
2012-07-31 19:00,80.94
2012-07-31 20:00,80.84
2012-07-31 21:00,78.98
2012-07-31 22:00,76.75
2012-07-31 23:00,72.27
2012-08-01 0:00,54.79
2012-08-01 1:00,53.68
2012-08-01 2:00,53.13
2012-08-01 3:00,53.08
2012-08-01 4:00,53.08
2012-08-01 5:00,53.08
2012-08-01 6:00,53.08
2012-08-01 7:00,53.13
2012-08-01 8:00,53.86
2012-08-01 9:00,53.7
2012-08-01 10:00,54.79
2012-08-01 11:00,54.79
2012-08-01 12:00,53.43
2012-08-01 13:00,54.44
2012-08-01 14:00,54.44
2012-08-01 15:00,54.79
2012-08-01 16:00,61.33
2012-08-01 17:00,68.27
2012-08-01 18:00,63.24
2012-08-01 19:00,68.23
2012-08-01 20:00,69.1
2012-08-01 21:00,63.29
2012-08-01 22:00,54.79
2012-08-01 23:00,54.27
2012-08-02 0:00,53.39
2012-08-02 1:00,55.16
2012-08-02 2:00,53.12
2012-08-02 3:00,52.83
2012-08-02 4:00,52.83
2012-08-02 5:00,52.7
2012-08-02 6:00,53.12
2012-08-02 7:00,53.12
2012-08-02 8:00,53.39
2012-08-02 9:00,53.39
2012-08-02 10:00,53.39
2012-08-02 11:00,53.39
2012-08-02 12:00,53.67
2012-08-02 13:00,53.39
2012-08-02 14:00,53.39
2012-08-02 15:00,55.16
2012-08-02 16:00,60.9
2012-08-02 17:00,60.9
2012-08-02 18:00,63.25
2012-08-02 19:00,66.57
2012-08-02 20:00,69.97
2012-08-02 21:00,66.23
2012-08-02 22:00,60.9
2012-08-02 23:00,59.06
2012-08-03 0:00,53.72
2012-08-03 1:00,52.85
2012-08-03 2:00,52.26
2012-08-03 3:00,52.26
2012-08-03 4:00,52.26
2012-08-03 5:00,52.34
2012-08-03 6:00,53.43
2012-08-03 7:00,53.72
2012-08-03 8:00,56.13
2012-08-03 9:00,58.35
2012-08-03 10:00,59.95
2012-08-03 11:00,59.95
2012-08-03 12:00,58.14
2012-08-03 13:00,59.95
2012-08-03 14:00,64.29
2012-08-03 15:00,64.29
2012-08-03 16:00,64.4
2012-08-03 17:00,64.51
2012-08-03 18:00,62.41
2012-08-03 19:00,61.92
2012-08-03 20:00,59.95
2012-08-03 21:00,58.57
2012-08-03 22:00,55.14
2012-08-03 23:00,54.38
2012-08-04 0:00,53.56
2012-08-04 1:00,52.98
2012-08-04 2:00,52.69
2012-08-04 3:00,52.4
2012-08-04 4:00,52.4
2012-08-04 5:00,52.4
2012-08-04 6:00,53.56
2012-08-04 7:00,53.78
2012-08-04 8:00,56.24
2012-08-04 9:00,62.09
2012-08-04 10:00,63.54
2012-08-04 11:00,63.54
2012-08-04 12:00,60.88
2012-08-04 13:00,63.54
2012-08-04 14:00,65.36
2012-08-04 15:00,65.44
2012-08-04 16:00,65.44
2012-08-04 17:00,65.47
2012-08-04 18:00,63.74
2012-08-04 19:00,63.52
2012-08-04 20:00,63.25
2012-08-04 21:00,61.18
2012-08-04 22:00,57.12
2012-08-04 23:00,55.6
2012-08-05 0:00,53.54
2012-08-05 1:00,53.21
2012-08-05 2:00,52.63
2012-08-05 3:00,52.61
2012-08-05 4:00,52.34
2012-08-05 5:00,52.63
2012-08-05 6:00,53.5
2012-08-05 7:00,54.9
2012-08-05 8:00,61.62
2012-08-05 9:00,63.05
2012-08-05 10:00,63.05
2012-08-05 11:00,63.05
2012-08-05 12:00,63
2012-08-05 13:00,64.88
2012-08-05 14:00,65.62
2012-08-05 15:00,65.62
2012-08-05 16:00,65.7
2012-08-05 17:00,65.7
2012-08-05 18:00,65.63
2012-08-05 19:00,65.63
2012-08-05 20:00,64.01
2012-08-05 21:00,62.93
2012-08-05 22:00,61.06
2012-08-05 23:00,55.63
2012-08-06 0:00,54.77
2012-08-06 1:00,53.4
2012-08-06 2:00,52.82
2012-08-06 3:00,52.82
2012-08-06 4:00,52.53
2012-08-06 5:00,52.82
2012-08-06 6:00,53.4
2012-08-06 7:00,55.17
2012-08-06 8:00,62.69
2012-08-06 9:00,63.9
2012-08-06 10:00,65.2
2012-08-06 11:00,65.2
2012-08-06 12:00,64.61
2012-08-06 13:00,66.2
2012-08-06 14:00,66.61
2012-08-06 15:00,66.61
2012-08-06 16:00,66.61
2012-08-06 17:00,66.61
2012-08-06 18:00,66.45
2012-08-06 19:00,65.2
2012-08-06 20:00,64.61
2012-08-06 21:00,63.98
2012-08-06 22:00,62.73
2012-08-06 23:00,60.31
2012-08-07 0:00,54.67
2012-08-07 1:00,53.42
2012-08-07 2:00,52.83
2012-08-07 3:00,52.54
2012-08-07 4:00,52.54
2012-08-07 5:00,52.83
2012-08-07 6:00,53.42
2012-08-07 7:00,55.15
2012-08-07 8:00,62.78
2012-08-07 9:00,65.88
2012-08-07 10:00,65.88
2012-08-07 11:00,65.79
2012-08-07 12:00,65.79
2012-08-07 13:00,65.75
2012-08-07 14:00,66.32
2012-08-07 15:00,66.04
2012-08-07 16:00,66.32
2012-08-07 17:00,66.32
2012-08-07 18:00,64.97
2012-08-07 19:00,64.97
2012-08-07 20:00,64.85
2012-08-07 21:00,63.48
2012-08-07 22:00,62.39
2012-08-07 23:00,60.32
2012-08-08 0:00,54.71
2012-08-08 1:00,53.32
2012-08-08 2:00,53.03
2012-08-08 3:00,52.45
2012-08-08 4:00,52.45
2012-08-08 5:00,52.45
2012-08-08 6:00,52.74
2012-08-08 7:00,53.32
2012-08-08 8:00,53.56
2012-08-08 9:00,54.14
2012-08-08 10:00,56.95
2012-08-08 11:00,57.11
2012-08-08 12:00,54.14
2012-08-08 13:00,57.02
2012-08-08 14:00,57.24
2012-08-08 15:00,61.24
2012-08-08 16:00,61.81
2012-08-08 17:00,60.9
2012-08-08 18:00,63.18
2012-08-08 19:00,65.46
2012-08-08 20:00,69.64
2012-08-08 21:00,63.18
2012-08-08 22:00,63.16
2012-08-08 23:00,54.96
2012-08-09 0:00,53.68
2012-08-09 1:00,53.35
2012-08-09 2:00,52.48
2012-08-09 3:00,52.77
2012-08-09 4:00,52.48
2012-08-09 5:00,52.48
2012-08-09 6:00,52.48
2012-08-09 7:00,53.06
2012-08-09 8:00,53.35
2012-08-09 9:00,53.35
2012-08-09 10:00,55.46
2012-08-09 11:00,55.46
2012-08-09 12:00,54.65
2012-08-09 13:00,54.28
2012-08-09 14:00,59.08
2012-08-09 15:00,59.08
2012-08-09 16:00,60.97
2012-08-09 17:00,69.05
2012-08-09 18:00,64.18
2012-08-09 19:00,69.11
2012-08-09 20:00,69.95
2012-08-09 21:00,64.57
2012-08-09 22:00,59.08
2012-08-09 23:00,57.91
2012-08-10 0:00,53.69
2012-08-10 1:00,52.82
2012-08-10 2:00,52.24
2012-08-10 3:00,51.95
2012-08-10 4:00,51.95
2012-08-10 5:00,52.24
2012-08-10 6:00,53.69
2012-08-10 7:00,55.06
2012-08-10 8:00,63.3
2012-08-10 9:00,64.98
2012-08-10 10:00,65.19
2012-08-10 11:00,66.97
2012-08-10 12:00,65.16
2012-08-10 13:00,66.97
2012-08-10 14:00,67.09
2012-08-10 15:00,67.16
2012-08-10 16:00,67.63
2012-08-10 17:00,67.63
2012-08-10 18:00,67.65
2012-08-10 19:00,67.65
2012-08-10 20:00,65.19
2012-08-10 21:00,64.98
2012-08-10 22:00,63.3
2012-08-10 23:00,62.61
2012-08-11 0:00,55.56
2012-08-11 1:00,54.34
2012-08-11 2:00,54.34
2012-08-11 3:00,54.21
2012-08-11 4:00,54.21
2012-08-11 5:00,54.34
2012-08-11 6:00,60.97
2012-08-11 7:00,62.64
2012-08-11 8:00,64.9
2012-08-11 9:00,65.86
2012-08-11 10:00,66.36
2012-08-11 11:00,66.36
2012-08-11 12:00,66.03
2012-08-11 13:00,67.16
2012-08-11 14:00,67.62
2012-08-11 15:00,67.62
2012-08-11 16:00,67.62
2012-08-11 17:00,67.62
2012-08-11 18:00,67.09
2012-08-11 19:00,67.09
2012-08-11 20:00,65.11
2012-08-11 21:00,64.9
2012-08-11 22:00,63.32
2012-08-11 23:00,62.66
2012-08-12 0:00,55.05
2012-08-12 1:00,52.94
2012-08-12 2:00,51.69
2012-08-12 3:00,51.31
2012-08-12 4:00,51.18
2012-08-12 5:00,51.55
2012-08-12 6:00,53.22
2012-08-12 7:00,56.07
2012-08-12 8:00,65.24
2012-08-12 9:00,66.16
2012-08-12 10:00,66.44
2012-08-12 11:00,66.91
2012-08-12 12:00,66.89
2012-08-12 13:00,66.91
2012-08-12 14:00,66.91
2012-08-12 15:00,66.91
2012-08-12 16:00,66.91
2012-08-12 17:00,66.17
2012-08-12 18:00,65.16
2012-08-12 19:00,65.16
2012-08-12 20:00,65.1
2012-08-12 21:00,63.88
2012-08-12 22:00,62.74
2012-08-12 23:00,60.97
2012-08-13 0:00,54.9
2012-08-13 1:00,54.55
2012-08-13 2:00,53.26
2012-08-13 3:00,52.97
2012-08-13 4:00,52.97
2012-08-13 5:00,53.26
2012-08-13 6:00,54.64
2012-08-13 7:00,61.66
2012-08-13 8:00,65.63
2012-08-13 9:00,65.98
2012-08-13 10:00,66.66
2012-08-13 11:00,67.03
2012-08-13 12:00,67.02
2012-08-13 13:00,67.05
2012-08-13 14:00,67.17
2012-08-13 15:00,67.17
2012-08-13 16:00,67.17
2012-08-13 17:00,67.17
2012-08-13 18:00,65.97
2012-08-13 19:00,65.98
2012-08-13 20:00,65.63
2012-08-13 21:00,65.63
2012-08-13 22:00,62.79
2012-08-13 23:00,62.7
2012-08-14 0:00,63.43
2012-08-14 1:00,61.27
2012-08-14 2:00,57
2012-08-14 3:00,56.75
2012-08-14 4:00,56.75
2012-08-14 5:00,63.31
2012-08-14 6:00,61.89
2012-08-14 7:00,62.65
2012-08-14 8:00,65.89
2012-08-14 9:00,66.25
2012-08-14 10:00,66.78
2012-08-14 11:00,66.78
2012-08-14 12:00,66.73
2012-08-14 13:00,68.93
2012-08-14 14:00,69.37
2012-08-14 15:00,69.81
2012-08-14 16:00,69.81
2012-08-14 17:00,68.58
2012-08-14 18:00,67.58
2012-08-14 19:00,67.58
2012-08-14 20:00,65.87
2012-08-14 21:00,64.9
2012-08-14 22:00,63.96
2012-08-14 23:00,62.66
2012-08-15 0:00,61.84
2012-08-15 1:00,54.43
2012-08-15 2:00,54.19
2012-08-15 3:00,54.19
2012-08-15 4:00,54.01
2012-08-15 5:00,54.01
2012-08-15 6:00,54.19
2012-08-15 7:00,54.43
2012-08-15 8:00,62.07
2012-08-15 9:00,63.37
2012-08-15 10:00,63.4
2012-08-15 11:00,63.39
2012-08-15 12:00,61.55
2012-08-15 13:00,63.29
2012-08-15 14:00,63.39
2012-08-15 15:00,63.39
2012-08-15 16:00,63.3
2012-08-15 17:00,63.37
2012-08-15 18:00,63.3
2012-08-15 19:00,69.22
2012-08-15 20:00,63.4
2012-08-15 21:00,63.4
2012-08-15 22:00,68.84
2012-08-15 23:00,60.39
2012-08-16 0:00,54.42
2012-08-16 1:00,53.23
2012-08-16 2:00,53.14
2012-08-16 3:00,52.85
2012-08-16 4:00,52.81
2012-08-16 5:00,52.61
2012-08-16 6:00,52.85
2012-08-16 7:00,53.14
2012-08-16 8:00,53.23
2012-08-16 9:00,54.67
2012-08-16 10:00,54.72
2012-08-16 11:00,55.51
2012-08-16 12:00,58.27
2012-08-16 13:00,58.27
2012-08-16 14:00,59.13
2012-08-16 15:00,62.69
2012-08-16 16:00,64.15
2012-08-16 17:00,65.16
2012-08-16 18:00,64.21
2012-08-16 19:00,67.9
2012-08-16 20:00,66.78
2012-08-16 21:00,66.26
2012-08-16 22:00,66.45
2012-08-16 23:00,59.13
2012-08-17 0:00,54.57
2012-08-17 1:00,53.22
2012-08-17 2:00,52.64
2012-08-17 3:00,52.35
2012-08-17 4:00,52.5
2012-08-17 5:00,52.64
2012-08-17 6:00,53.24
2012-08-17 7:00,60.51
2012-08-17 8:00,63.13
2012-08-17 9:00,64.69
2012-08-17 10:00,65.35
2012-08-17 11:00,67.93
2012-08-17 12:00,64.61
2012-08-17 13:00,66.93
2012-08-17 14:00,67.98
2012-08-17 15:00,67.47
2012-08-17 16:00,67.76
2012-08-17 17:00,67.36
2012-08-17 18:00,67.49
2012-08-17 19:00,66.96
2012-08-17 20:00,65.84
2012-08-17 21:00,64.99
2012-08-17 22:00,64.3
2012-08-17 23:00,63.29
2012-08-18 0:00,59.13
2012-08-18 1:00,59.82
2012-08-18 2:00,57.17
2012-08-18 3:00,53.22
2012-08-18 4:00,53.22
2012-08-18 5:00,57.17
2012-08-18 6:00,59.07
2012-08-18 7:00,63.15
2012-08-18 8:00,66.09
2012-08-18 9:00,66.19
2012-08-18 10:00,67.14
2012-08-18 11:00,68.76
2012-08-18 12:00,66.78
2012-08-18 13:00,68.85
2012-08-18 14:00,69.88
2012-08-18 15:00,69.88
2012-08-18 16:00,69.88
2012-08-18 17:00,69.88
2012-08-18 18:00,70.07
2012-08-18 19:00,70.07
2012-08-18 20:00,67.74
2012-08-18 21:00,66.09
2012-08-18 22:00,66.09
2012-08-18 23:00,64.27
2012-08-19 0:00,62.78
2012-08-19 1:00,58.04
2012-08-19 2:00,58.04
2012-08-19 3:00,57.09
2012-08-19 4:00,57.09
2012-08-19 5:00,57.09
2012-08-19 6:00,58.98
2012-08-19 7:00,62.88
2012-08-19 8:00,65.66
2012-08-19 9:00,65.9
2012-08-19 10:00,66.31
2012-08-19 11:00,66.71
2012-08-19 12:00,65.85
2012-08-19 13:00,66.71
2012-08-19 14:00,68.73
2012-08-19 15:00,69.45
2012-08-19 16:00,69.62
2012-08-19 17:00,69.64
2012-08-19 18:00,69.05
2012-08-19 19:00,68.67
2012-08-19 20:00,66.74
2012-08-19 21:00,65.8
2012-08-19 22:00,65.8
2012-08-19 23:00,65.84
2012-08-20 0:00,63.38
2012-08-20 1:00,59.67
2012-08-20 2:00,57.77
2012-08-20 3:00,56.82
2012-08-20 4:00,56.82
2012-08-20 5:00,63.26
2012-08-20 6:00,60.61
2012-08-20 7:00,62.92
2012-08-20 8:00,66
2012-08-20 9:00,65.73
2012-08-20 10:00,66.36
2012-08-20 11:00,66.63
2012-08-20 12:00,65.96
2012-08-20 13:00,67.06
2012-08-20 14:00,69.05
2012-08-20 15:00,69.83
2012-08-20 16:00,69.84
2012-08-20 17:00,69.84
2012-08-20 18:00,69.84
2012-08-20 19:00,69.89
2012-08-20 20:00,67.06
2012-08-20 21:00,66.04
2012-08-20 22:00,66.14
2012-08-20 23:00,64.78
2012-08-21 0:00,62.81
2012-08-21 1:00,58.07
2012-08-21 2:00,57.12
2012-08-21 3:00,53.22
2012-08-21 4:00,53.22
2012-08-21 5:00,53.22
2012-08-21 6:00,59.96
2012-08-21 7:00,62.81
2012-08-21 8:00,65.76
2012-08-21 9:00,65.8
2012-08-21 10:00,66.04
2012-08-21 11:00,66.04
2012-08-21 12:00,65.89
2012-08-21 13:00,69.62
2012-08-21 14:00,69.62
2012-08-21 15:00,69.62
2012-08-21 16:00,69.66
2012-08-21 17:00,69.66
2012-08-21 18:00,69.66
2012-08-21 19:00,69.74
2012-08-21 20:00,66.39
2012-08-21 21:00,65.9
2012-08-21 22:00,65.95
2012-08-21 23:00,62.81
2012-08-22 0:00,62.02
2012-08-22 1:00,54.54
2012-08-22 2:00,54.54
2012-08-22 3:00,54.11
2012-08-22 4:00,53.08
2012-08-22 5:00,53.08
2012-08-22 6:00,54.37
2012-08-22 7:00,54.54
2012-08-22 8:00,62.68
2012-08-22 9:00,62.84
2012-08-22 10:00,63.03
2012-08-22 11:00,63.19
2012-08-22 12:00,63.02
2012-08-22 13:00,63.17
2012-08-22 14:00,64.14
2012-08-22 15:00,64.97
2012-08-22 16:00,66.26
2012-08-22 17:00,66.2
2012-08-22 18:00,66.26
2012-08-22 19:00,66.26
2012-08-22 20:00,66.26
2012-08-22 21:00,64.53
2012-08-22 22:00,63
2012-08-22 23:00,62.46
2012-08-23 0:00,54.58
2012-08-23 1:00,53.31
2012-08-23 2:00,52.94
2012-08-23 3:00,52.65
2012-08-23 4:00,52.36
2012-08-23 5:00,52.65
2012-08-23 6:00,52.94
2012-08-23 7:00,53.23
2012-08-23 8:00,53.23
2012-08-23 9:00,53.31
2012-08-23 10:00,54.72
2012-08-23 11:00,55.48
2012-08-23 12:00,58.27
2012-08-23 13:00,58.68
2012-08-23 14:00,58.68
2012-08-23 15:00,60.13
2012-08-23 16:00,63.73
2012-08-23 17:00,64.68
2012-08-23 18:00,64.68
2012-08-23 19:00,68.28
2012-08-23 20:00,67.01
2012-08-23 21:00,64.52
2012-08-23 22:00,64.58
2012-08-23 23:00,58.68
2012-08-24 0:00,53.66
2012-08-24 1:00,52.79
2012-08-24 2:00,51.92
2012-08-24 3:00,51.92
2012-08-24 4:00,51.92
2012-08-24 5:00,52.5
2012-08-24 6:00,53.66
2012-08-24 7:00,61.17
2012-08-24 8:00,66.02
2012-08-24 9:00,66.14
2012-08-24 10:00,66.99
2012-08-24 11:00,69.09
2012-08-24 12:00,68.12
2012-08-24 13:00,69.18
2012-08-24 14:00,69.18
2012-08-24 15:00,69.18
2012-08-24 16:00,69.18
2012-08-24 17:00,68.98
2012-08-24 18:00,66.99
2012-08-24 19:00,66.56
2012-08-24 20:00,65.86
2012-08-24 21:00,66.02
2012-08-24 22:00,65.33
2012-08-24 23:00,65.33
2012-08-25 0:00,62.55
2012-08-25 1:00,59.7
2012-08-25 2:00,56.86
2012-08-25 3:00,56.86
2012-08-25 4:00,53.22
2012-08-25 5:00,56.86
2012-08-25 6:00,61.44
2012-08-25 7:00,62.91
2012-08-25 8:00,66.41
2012-08-25 9:00,65.96
2012-08-25 10:00,66.63
2012-08-25 11:00,67.32
2012-08-25 12:00,65.84
2012-08-25 13:00,67.32
2012-08-25 14:00,69.17
2012-08-25 15:00,70.14
2012-08-25 16:00,72.77
2012-08-25 17:00,71.01
2012-08-25 18:00,70.39
2012-08-25 19:00,69.98
2012-08-25 20:00,66.82
2012-08-25 21:00,66.5
2012-08-25 22:00,66.5
2012-08-25 23:00,63.35
2012-08-26 0:00,62.51
2012-08-26 1:00,62.51
2012-08-26 2:00,57.77
2012-08-26 3:00,56.82
2012-08-26 4:00,56.82
2012-08-26 5:00,56.82
2012-08-26 6:00,60.62
2012-08-26 7:00,62.97
2012-08-26 8:00,66.27
2012-08-26 9:00,66.3
2012-08-26 10:00,66.77
2012-08-26 11:00,66.77
2012-08-26 12:00,66.77
2012-08-26 13:00,69.81
2012-08-26 14:00,69.91
2012-08-26 15:00,69.81
2012-08-26 16:00,72.01
2012-08-26 17:00,71.87
2012-08-26 18:00,70.43
2012-08-26 19:00,70.63
2012-08-26 20:00,67.19
2012-08-26 21:00,66.41
2012-08-26 22:00,66.46
2012-08-26 23:00,64.03
2012-08-27 0:00,62.46
2012-08-27 1:00,59.61
2012-08-27 2:00,57.72
2012-08-27 3:00,56.77
2012-08-27 4:00,56.77
2012-08-27 5:00,56.77
2012-08-27 6:00,61.77
2012-08-27 7:00,62.72
2012-08-27 8:00,65.56
2012-08-27 9:00,65.95
2012-08-27 10:00,66.98
2012-08-27 11:00,66.98
2012-08-27 12:00,66.95
2012-08-27 13:00,69.04
2012-08-27 14:00,70.37
2012-08-27 15:00,70.37
2012-08-27 16:00,70.37
2012-08-27 17:00,70.38
2012-08-27 18:00,70.08
2012-08-27 19:00,70.28
2012-08-27 20:00,67.58
2012-08-27 21:00,65.79
2012-08-27 22:00,65.6
2012-08-27 23:00,65.7
2012-08-28 0:00,62.21
2012-08-28 1:00,62.21
2012-08-28 2:00,58.42
2012-08-28 3:00,57.21
2012-08-28 4:00,56.52
2012-08-28 5:00,57.47
2012-08-28 6:00,62.21
2012-08-28 7:00,62.71
2012-08-28 8:00,65.63
2012-08-28 9:00,66.57
2012-08-28 10:00,68.03
2012-08-28 11:00,67.96
2012-08-28 12:00,67.96
2012-08-28 13:00,70.39
2012-08-28 14:00,70.39
2012-08-28 15:00,70.39
2012-08-28 16:00,70.39
2012-08-28 17:00,70.09
2012-08-28 18:00,70.09
2012-08-28 19:00,68.32
2012-08-28 20:00,66.89
2012-08-28 21:00,65.85
2012-08-28 22:00,65.81
2012-08-28 23:00,63.92
2012-08-29 0:00,61.95
2012-08-29 1:00,55.22
2012-08-29 2:00,54.39
2012-08-29 3:00,53.08
2012-08-29 4:00,53.08
2012-08-29 5:00,53.08
2012-08-29 6:00,54.39
2012-08-29 7:00,54.59
2012-08-29 8:00,62.73
2012-08-29 9:00,63.09
2012-08-29 10:00,64.64
2012-08-29 11:00,66.06
2012-08-29 12:00,66.06
2012-08-29 13:00,66.06
2012-08-29 14:00,66.06
2012-08-29 15:00,64.64
2012-08-29 16:00,64.64
2012-08-29 17:00,64.32
2012-08-29 18:00,64.64
2012-08-29 19:00,64.64
2012-08-29 20:00,64.48
2012-08-29 21:00,63.09
2012-08-29 22:00,62.51
2012-08-29 23:00,61.73
2012-08-30 0:00,54.55
2012-08-30 1:00,53.36
2012-08-30 2:00,52.97
2012-08-30 3:00,52.68
2012-08-30 4:00,52.39
2012-08-30 5:00,52.39
2012-08-30 6:00,52.68
2012-08-30 7:00,53.24
2012-08-30 8:00,53.26
2012-08-30 9:00,53.42
2012-08-30 10:00,54.87
2012-08-30 11:00,54.88
2012-08-30 12:00,58.27
2012-08-30 13:00,59.93
2012-08-30 14:00,59.13
2012-08-30 15:00,62.26
2012-08-30 16:00,64.23
2012-08-30 17:00,64.86
2012-08-30 18:00,64.86
2012-08-30 19:00,64.87
2012-08-30 20:00,64.86
2012-08-30 21:00,64.57
2012-08-30 22:00,64.54
2012-08-30 23:00,58.27
2012-08-31 0:00,53.55
2012-08-31 1:00,52.97
2012-08-31 2:00,52.39
2012-08-31 3:00,52.1
2012-08-31 4:00,52.1
2012-08-31 5:00,52.68
2012-08-31 6:00,53.55
2012-08-31 7:00,60.71
2012-08-31 8:00,65.82
2012-08-31 9:00,65.27
2012-08-31 10:00,66.01
2012-08-31 11:00,66.78
2012-08-31 12:00,65.98
2012-08-31 13:00,68.93
2012-08-31 14:00,69.13
2012-08-31 15:00,69.71
2012-08-31 16:00,69.71
2012-08-31 17:00,69.71
2012-08-31 18:00,70.01
2012-08-31 19:00,68.5
2012-08-31 20:00,66.51
2012-08-31 21:00,65.27
2012-08-31 22:00,65.27
2012-08-31 23:00,65.27
